,Points,Salary,Count
0,96.33765595899999,58400.0,69
0,93.844842844,59400.0,69
